{
  "title": "Apollo.io Contact Scraper",
  "description": "Scrape contacts from Apollo.io for cybersecurity research.",
  "type": "object",
  "schemaVersion": 1,
  "properties": {
    "apolloUrls": {
      "title": "Apollo.io URLs",
      "type": "array",
      "description": "List of Apollo.io people or company URLs to scrape.",
      "items": { "type": "string", "format": "uri" }
    },
    "apolloCookie": {
      "title": "Apollo.io Cookie",
      "type": "string",
      "description": "Your authenticated Apollo.io cookie string.",
      "editor": "textfield"
    },
    "maxContacts": {
      "title": "Max Contacts",
      "type": "integer",
      "description": "Maximum number of contacts to scrape.",
      "default": 100,
      "minimum": 100,
      "maximum": 2500
    },
    "proxyConfig": {
      "title": "Proxy configuration",
      "type": "object",
      "description": "Proxy settings for Apify actor.",
      "nullable": true
    }
  },
  "required": ["apolloUrls", "apolloCookie", "maxContacts"]
}